category,kind,listings,repositories,listings_that_do_not_load,listings_that_load,mean_score,official,archived_repository,with_a_license,total_repository_stars
ai-agents,marketplace,8692,8219,71,8621,63.6,16,21,6338,5527804
ai-agents,plugin,23605,8628,37,23568,64.24,84,32,20144,25190324
ai-agents,skill,201207,14457,15774,185433,69.66,103,587,134585,213573526
ai-agents,subagent,50244,6845,13038,37206,64.52,49,223,29008,57075126
backend,marketplace,69,69,1,68,63.57,0,0,47,6896
backend,plugin,651,341,0,651,61.6,0,0,550,47791
backend,skill,19239,4947,1169,18070,69.05,26,27,11209,8237898
backend,subagent,3089,1558,344,2745,65.7,0,1,1368,1306118
code-review,marketplace,129,129,1,128,63.6,0,0,86,45379
code-review,plugin,1392,871,0,1392,62.93,8,2,1065,687848
code-review,skill,36832,9265,1371,35461,69.63,50,35,20031,23686150
code-review,subagent,12565,4658,1525,11040,67.16,14,21,6537,5050328
data,marketplace,44,44,1,43,64.57,0,0,29,38104
data,plugin,509,261,1,508,61.06,3,1,449,101858
data,skill,12628,3588,711,11917,69.57,12,41,7237,15050613
data,subagent,2005,1063,152,1853,65.18,0,2,874,802580
debugging,marketplace,9,9,1,8,57.67,0,0,5,226
debugging,plugin,149,117,0,149,62.42,0,0,102,18604
debugging,skill,7630,4125,255,7375,69.65,15,11,4252,5755826
debugging,subagent,1348,964,164,1184,66.56,1,5,635,573435
devops,marketplace,87,87,2,85,62.32,0,0,57,11927
devops,plugin,899,469,2,897,61.38,1,1,771,120250
devops,skill,25947,4255,1687,24260,68.71,17,69,14224,5693289
devops,subagent,3646,1471,453,3193,65.3,1,0,1782,1076126
finance-legal,marketplace,22,22,1,21,60.91,0,0,13,744
finance-legal,plugin,426,132,1,425,61.22,15,0,382,180589
finance-legal,skill,6894,1715,471,6423,69.17,100,5,4366,1891642
finance-legal,subagent,1029,493,164,865,65.75,4,0,444,90202
frontend,marketplace,163,159,6,157,61.37,1,0,111,532443
frontend,plugin,1000,606,0,1000,61.25,4,0,818,726533
frontend,skill,30307,6442,1317,28990,69.35,77,39,16689,49523797
frontend,subagent,5912,2357,805,5107,65.57,1,9,2617,3380129
general,skill,47856,4090,7858,39998,64.53,53,3,26141,20428227
general,subagent,6116,1185,2902,3214,58.12,0,1,2851,1292239
git,marketplace,21,21,0,21,63.05,0,0,19,887
git,plugin,437,316,0,437,62.89,2,0,312,201856
git,skill,12604,5042,271,12333,70.42,2,24,7147,10370830
git,subagent,1465,882,379,1086,64.24,0,1,767,462694
languages,marketplace,53,52,2,51,63.6,0,0,37,44626
languages,plugin,420,278,1,419,62.15,0,2,361,45929
languages,skill,11216,2881,660,10556,69.24,4,25,6954,7950417
languages,subagent,2762,842,297,2465,66.04,0,3,1513,990916
media,marketplace,33,33,1,32,62.97,0,0,24,54907
media,plugin,233,169,0,233,63.55,0,0,196,167136
media,skill,11732,3097,348,11384,70.75,29,22,7274,8455394
media,subagent,696,369,101,595,66.47,1,0,317,220622
mobile,marketplace,78,76,0,78,64.18,0,0,61,30649
mobile,plugin,306,210,0,306,63.01,0,0,235,54990
mobile,skill,8331,1934,870,7461,69.13,13,9,5164,3063114
mobile,subagent,1630,617,268,1362,65.79,0,0,877,1568584
office-files,marketplace,13,13,0,13,66.69,0,0,12,71237
office-files,plugin,96,75,0,96,63.26,1,0,76,100196
office-files,skill,4632,1827,145,4487,69.59,17,8,3251,2708480
office-files,subagent,174,94,16,158,67.19,0,0,96,260682
productivity,marketplace,51,51,1,50,61.82,0,0,33,1960
productivity,plugin,476,339,0,476,62.58,6,0,345,97252
productivity,skill,17302,5141,621,16681,69.39,52,38,9854,9201749
productivity,subagent,1963,1057,229,1734,66.82,1,3,975,183383
research,marketplace,1010,983,26,984,60.72,3,0,626,702463
research,plugin,925,517,0,925,62.49,7,0,799,367090
research,skill,27529,5486,1687,25842,68.86,46,26,15929,16235464
research,subagent,5294,1995,959,4335,65.49,2,12,2343,2343736
security,marketplace,83,81,1,82,62.58,0,0,56,20654
security,plugin,831,472,1,830,62.33,1,3,715,358054
security,skill,23871,5515,2834,21037,68.85,16,36,15473,17062792
security,subagent,4640,2419,595,4045,66.81,2,5,2558,1471166
testing-qa,marketplace,88,88,0,88,63.51,0,0,62,9160
testing-qa,plugin,1166,639,17,1149,62.48,0,1,1001,143148
testing-qa,skill,32389,8085,1137,31252,69.5,28,54,18283,22960748
testing-qa,subagent,8334,3667,826,7508,66.71,2,14,4275,3328820
writing-docs,marketplace,177,176,3,174,62.42,0,0,131,38043
writing-docs,plugin,1585,980,0,1585,62.68,6,0,1289,412549
writing-docs,skill,52825,10330,1412,51413,69.4,72,124,29272,32224620
writing-docs,subagent,10684,3917,2228,8456,64.79,11,21,5454,4501625
